filename,notes,authors,licenses,urls
"body/bodies/female/slash.png","see details at https://opengameart.org/content/lpc-character-bases" ,"Benjamin K. Smith (BenCreating),bluecarrot16,TheraHedwig,Evert,MuffinElZangano,Durrani,Pierre Vigier (pvigier),ElizaWy,Matthew Krohn (makrohn),Johannes Sjölund (wulax),Stephen Challener (Redshrike)" ,"OGA-BY 3.0,CC-BY-SA 3.0,GPL 3.0" ,"https://opengameart.org/content/liberated-pixel-cup-lpc-base-assets-sprites-map-tiles,https://opengameart.org/content/lpc-medieval-fantasy-character-sprites,https://opengameart.org/content/lpc-ladies,https://opengameart.org/content/lpc-7-womens-shirts,https://opengameart.org/content/lpc-jump-expanded,https://opengameart.org/content/lpc-be-seated,https://opengameart.org/content/lpc-revised-character-basics,https://gitlab.com/vagabondgame/lpc-characters,https://opengameart.org/content/lpc-male-jumping-animation-by-durrani,https://opengameart.org/content/lpc-runcycle-and-diagonal-walkcycle" 
"body/bodies/female/spellcast.png","see details at https://opengameart.org/content/lpc-character-bases" ,"Benjamin K. Smith (BenCreating),bluecarrot16,TheraHedwig,Evert,MuffinElZangano,Durrani,Pierre Vigier (pvigier),ElizaWy,Matthew Krohn (makrohn),Johannes Sjölund (wulax),Stephen Challener (Redshrike)" ,"OGA-BY 3.0,CC-BY-SA 3.0,GPL 3.0" ,"https://opengameart.org/content/liberated-pixel-cup-lpc-base-assets-sprites-map-tiles,https://opengameart.org/content/lpc-medieval-fantasy-character-sprites,https://opengameart.org/content/lpc-ladies,https://opengameart.org/content/lpc-7-womens-shirts,https://opengameart.org/content/lpc-jump-expanded,https://opengameart.org/content/lpc-be-seated,https://opengameart.org/content/lpc-revised-character-basics,https://gitlab.com/vagabondgame/lpc-characters,https://opengameart.org/content/lpc-male-jumping-animation-by-durrani,https://opengameart.org/content/lpc-runcycle-and-diagonal-walkcycle" 
"body/bodies/female/walk.png","see details at https://opengameart.org/content/lpc-character-bases" ,"Benjamin K. Smith (BenCreating),bluecarrot16,TheraHedwig,Evert,MuffinElZangano,Durrani,Pierre Vigier (pvigier),ElizaWy,Matthew Krohn (makrohn),Johannes Sjölund (wulax),Stephen Challener (Redshrike)" ,"OGA-BY 3.0,CC-BY-SA 3.0,GPL 3.0" ,"https://opengameart.org/content/liberated-pixel-cup-lpc-base-assets-sprites-map-tiles,https://opengameart.org/content/lpc-medieval-fantasy-character-sprites,https://opengameart.org/content/lpc-ladies,https://opengameart.org/content/lpc-7-womens-shirts,https://opengameart.org/content/lpc-jump-expanded,https://opengameart.org/content/lpc-be-seated,https://opengameart.org/content/lpc-revised-character-basics,https://gitlab.com/vagabondgame/lpc-characters,https://opengameart.org/content/lpc-male-jumping-animation-by-durrani,https://opengameart.org/content/lpc-runcycle-and-diagonal-walkcycle" 
"body/bodies/male/shoot.png","see details at https://opengameart.org/content/lpc-character-bases; 'Thick' Male Revised Run/Climb by JaidynReiman (based on ElizaWy's LPC Revised)" ,"bluecarrot16,JaidynReiman,Benjamin K. Smith (BenCreating),Evert,Eliza Wyatt (ElizaWy),TheraHedwig,MuffinElZangano,Durrani,Johannes Sjölund (wulax),Stephen Challener (Redshrike)" ,"OGA-BY 3.0,CC-BY-SA 3.0,GPL 3.0" ,"https://opengameart.org/content/liberated-pixel-cup-lpc-base-assets-sprites-map-tiles,https://opengameart.org/content/lpc-medieval-fantasy-character-sprites,https://opengameart.org/content/lpc-male-jumping-animation-by-durrani,https://opengameart.org/content/lpc-runcycle-and-diagonal-walkcycle,https://opengameart.org/content/lpc-revised-character-basics,https://opengameart.org/content/lpc-be-seated,https://opengameart.org/content/lpc-runcycle-for-male-muscular-and-pregnant-character-bases-with-modular-heads,https://opengameart.org/content/lpc-jump-expanded,https://opengameart.org/content/lpc-character-bases" 
"body/bodies/male/thrust.png","see details at https://opengameart.org/content/lpc-character-bases; 'Thick' Male Revised Run/Climb by JaidynReiman (based on ElizaWy's LPC Revised)" ,"bluecarrot16,JaidynReiman,Benjamin K. Smith (BenCreating),Evert,Eliza Wyatt (ElizaWy),TheraHedwig,MuffinElZangano,Durrani,Johannes Sjölund (wulax),Stephen Challener (Redshrike)" ,"OGA-BY 3.0,CC-BY-SA 3.0,GPL 3.0" ,"https://opengameart.org/content/liberated-pixel-cup-lpc-base-assets-sprites-map-tiles,https://opengameart.org/content/lpc-medieval-fantasy-character-sprites,https://opengameart.org/content/lpc-male-jumping-animation-by-durrani,https://opengameart.org/content/lpc-runcycle-and-diagonal-walkcycle,https://opengameart.org/content/lpc-revised-character-basics,https://opengameart.org/content/lpc-be-seated,https://opengameart.org/content/lpc-runcycle-for-male-muscular-and-pregnant-character-bases-with-modular-heads,https://opengameart.org/content/lpc-jump-expanded,https://opengameart.org/content/lpc-character-bases" 
"body/bodies/male/walk.png","see details at https://opengameart.org/content/lpc-character-bases; 'Thick' Male Revised Run/Climb by JaidynReiman (based on ElizaWy's LPC Revised)" ,"bluecarrot16,JaidynReiman,Benjamin K. Smith (BenCreating),Evert,Eliza Wyatt (ElizaWy),TheraHedwig,MuffinElZangano,Durrani,Johannes Sjölund (wulax),Stephen Challener (Redshrike)" ,"OGA-BY 3.0,CC-BY-SA 3.0,GPL 3.0" ,"https://opengameart.org/content/liberated-pixel-cup-lpc-base-assets-sprites-map-tiles,https://opengameart.org/content/lpc-medieval-fantasy-character-sprites,https://opengameart.org/content/lpc-male-jumping-animation-by-durrani,https://opengameart.org/content/lpc-runcycle-and-diagonal-walkcycle,https://opengameart.org/content/lpc-revised-character-basics,https://opengameart.org/content/lpc-be-seated,https://opengameart.org/content/lpc-runcycle-for-male-muscular-and-pregnant-character-bases-with-modular-heads,https://opengameart.org/content/lpc-jump-expanded,https://opengameart.org/content/lpc-character-bases" 
"body/bodies/skeleton/walk.png","" ,"bluecarrot16,Napsio,JaidynReiman,Johannes Sjölund (wulax),Stephen Challener (Redshrike)" ,"OGA-BY 3.0,CC-BY-SA 3.0,GPL 3.0" ,"https://opengameart.org/content/liberated-pixel-cup-lpc-base-assets-sprites-map-tiles,https://opengameart.org/content/lpc-medieval-fantasy-character-sprites,https://opengameart.org/content/lpc-skeleton,https://opengameart.org/content/lpc-character-bases" 
"body/bodies/zombie/walk.png","" ,"Stephen Challener (Redshrike),Johannes Sjölund (wulax),Sander Frenken (castelonia),Benjamin K. Smith (BenCreating),bluecarrot16" ,"OGA-BY 3.0,CC-BY-SA 3.0,GPL 3.0" ,"https://opengameart.org/content/liberated-pixel-cup-lpc-base-assets-sprites-map-tiles,https://opengameart.org/content/lpc-medieval-fantasy-character-sprites,https://opengameart.org/content/lpc-zombie,https://opengameart.org/content/lpc-character-bases" 
"hair/balding/adult/shoot.png","" ,"ElizaWy" ,"OGA-BY 3.0" ,"https://opengameart.org/content/lpc-hair" 
"hair/balding/adult/walk.png","" ,"ElizaWy" ,"OGA-BY 3.0" ,"https://opengameart.org/content/lpc-hair" 
"hair/bangs/adult/slash.png","" ,"JaidynReiman,Manuel Riecke (MrBeast)" ,"CC-BY-SA 3.0,GPL 3.0" ,"https://opengameart.org/content/liberated-pixel-cup-lpc-base-assets-sprites-map-tiles,https://opengameart.org/content/lpc-expanded-hair" 
"hair/bangs/adult/walk.png","" ,"JaidynReiman,Manuel Riecke (MrBeast)" ,"CC-BY-SA 3.0,GPL 3.0" ,"https://opengameart.org/content/liberated-pixel-cup-lpc-base-assets-sprites-map-tiles,https://opengameart.org/content/lpc-expanded-hair" 
"hair/bedhead/adult/thrust.png","" ,"JaidynReiman,Manuel Riecke (MrBeast)" ,"CC-BY-SA 3.0,GPL 3.0" ,"https://opengameart.org/content/liberated-pixel-cup-lpc-base-assets-sprites-map-tiles,https://opengameart.org/content/lpc-expanded-hair" 
"hair/bedhead/adult/walk.png","" ,"JaidynReiman,Manuel Riecke (MrBeast)" ,"CC-BY-SA 3.0,GPL 3.0" ,"https://opengameart.org/content/liberated-pixel-cup-lpc-base-assets-sprites-map-tiles,https://opengameart.org/content/lpc-expanded-hair" 
"hair/bob/adult/spellcast.png","Original by bluecarrot16. Edited and animated by ElizaWy." ,"ElizaWy,bluecarrot16" ,"CC0" ,"https://opengameart.org/content/lpc-hair,https://github.com/ElizaWy/LPC/blob/main/Characters/Hair,https://opengameart.org/content/lpc-expanded-sit-run-jump-more" 
"hair/bob/adult/walk.png","Original by bluecarrot16. Edited and animated by ElizaWy." ,"ElizaWy,bluecarrot16" ,"CC0" ,"https://opengameart.org/content/lpc-hair,https://github.com/ElizaWy/LPC/blob/main/Characters/Hair,https://opengameart.org/content/lpc-expanded-sit-run-jump-more" 
"hat/cloth/hood/adult/walk.png","Brown hood by Wulax, original black/white recolors by ??, mapped to idle/run/jump/revised combat by JaidynReiman, along with additional recolors." ,"Johannes Sjölund (wulax),JaidynReiman" ,"OGA-BY 3.0,CC-BY-SA 3.0,GPL 3.0" ,"https://opengameart.org/content/lpc-medieval-fantasy-character-sprites,https://opengameart.org/content/lpc-expanded-hats-facial-helmets" 
"head/heads/human/female/slash.png","original head by Redshrike, tweaks by BenCreating, modular version by bluecarrot16" ,"bluecarrot16,Benjamin K. Smith (BenCreating),Stephen Challener (Redshrike)" ,"OGA-BY 3.0,CC-BY-SA 3.0,GPL 3.0" ,"https://opengameart.org/content/,https://opengameart.org/content/lpc-character-bases" 
"head/heads/human/female/spellcast.png","original head by Redshrike, tweaks by BenCreating, modular version by bluecarrot16" ,"bluecarrot16,Benjamin K. Smith (BenCreating),Stephen Challener (Redshrike)" ,"OGA-BY 3.0,CC-BY-SA 3.0,GPL 3.0" ,"https://opengameart.org/content/,https://opengameart.org/content/lpc-character-bases" 
"head/heads/human/female/walk.png","original head by Redshrike, tweaks by BenCreating, modular version by bluecarrot16" ,"bluecarrot16,Benjamin K. Smith (BenCreating),Stephen Challener (Redshrike)" ,"OGA-BY 3.0,CC-BY-SA 3.0,GPL 3.0" ,"https://opengameart.org/content/,https://opengameart.org/content/lpc-character-bases" 
"head/heads/human/male/shoot.png","original head by Redshrike, tweaks by BenCreating, modular version by bluecarrot16" ,"bluecarrot16,Benjamin K. Smith (BenCreating),Stephen Challener (Redshrike)" ,"OGA-BY 3.0,CC-BY-SA 3.0,GPL 3.0" ,"https://opengameart.org/content/liberated-pixel-cup-lpc-base-assets-sprites-map-tiles,https://opengameart.org/content/lpc-character-bases" 
"head/heads/human/male/thrust.png","original head by Redshrike, tweaks by BenCreating, modular version by bluecarrot16" ,"bluecarrot16,Benjamin K. Smith (BenCreating),Stephen Challener (Redshrike)" ,"OGA-BY 3.0,CC-BY-SA 3.0,GPL 3.0" ,"https://opengameart.org/content/liberated-pixel-cup-lpc-base-assets-sprites-map-tiles,https://opengameart.org/content/lpc-character-bases" 
"head/heads/human/male/walk.png","original head by Redshrike, tweaks by BenCreating, modular version by bluecarrot16" ,"bluecarrot16,Benjamin K. Smith (BenCreating),Stephen Challener (Redshrike)" ,"OGA-BY 3.0,CC-BY-SA 3.0,GPL 3.0" ,"https://opengameart.org/content/liberated-pixel-cup-lpc-base-assets-sprites-map-tiles,https://opengameart.org/content/lpc-character-bases" 
"legs/pantaloons/thin/slash.png","Original bases by Redshrike, thrust/shoot bases by Wulax, Original Pantaloons by Nila122, Female/Teen version by JaidynReiman" ,"Nila122,JaidynReiman,Johannes Sjölund (wulax),Stephen Challener (Redshrike)" ,"OGA-BY 3.0,CC-BY-SA 3.0,GPL 2.0,GPL 3.0" ,"https://opengameart.org/content/lpc-pirates,https://opengameart.org/content/more-lpc-clothes-and-hair,https://opengameart.org/content/lpc-expanded-pants" 
"legs/pantaloons/thin/walk.png","Original bases by Redshrike, thrust/shoot bases by Wulax, Original Pantaloons by Nila122, Female/Teen version by JaidynReiman" ,"Nila122,JaidynReiman,Johannes Sjölund (wulax),Stephen Challener (Redshrike)" ,"OGA-BY 3.0,CC-BY-SA 3.0,GPL 2.0,GPL 3.0" ,"https://opengameart.org/content/lpc-pirates,https://opengameart.org/content/more-lpc-clothes-and-hair,https://opengameart.org/content/lpc-expanded-pants" 
"legs/pants/male/shoot.png","original male pants by wulax, recolors and edits to v3 base by bluecarrot16, climb/jump/run/sit/emotes/revised combat by JaidynReiman based on ElizaWy's LPC Revised" ,"bluecarrot16,JaidynReiman,ElizaWy,Matthew Krohn (makrohn),Johannes Sjölund (wulax),Stephen Challener (Redshrike)" ,"OGA-BY 3.0,GPL 3.0,CC-BY-SA 3.0" ,"https://opengameart.org/content/liberated-pixel-cup-lpc-base-assets-sprites-map-tiles,https://opengameart.org/content/lpc-medieval-fantasy-character-sprites,https://opengameart.org/content/lpc-expanded-pants" 
"legs/pants/male/thrust.png","original male pants by wulax, recolors and edits to v3 base by bluecarrot16, climb/jump/run/sit/emotes/revised combat by JaidynReiman based on ElizaWy's LPC Revised" ,"bluecarrot16,JaidynReiman,ElizaWy,Matthew Krohn (makrohn),Johannes Sjölund (wulax),Stephen Challener (Redshrike)" ,"OGA-BY 3.0,GPL 3.0,CC-BY-SA 3.0" ,"https://opengameart.org/content/liberated-pixel-cup-lpc-base-assets-sprites-map-tiles,https://opengameart.org/content/lpc-medieval-fantasy-character-sprites,https://opengameart.org/content/lpc-expanded-pants" 
"legs/pants/male/walk.png","original male pants by wulax, recolors and edits to v3 base by bluecarrot16, climb/jump/run/sit/emotes/revised combat by JaidynReiman based on ElizaWy's LPC Revised" ,"bluecarrot16,JaidynReiman,ElizaWy,Matthew Krohn (makrohn),Johannes Sjölund (wulax),Stephen Challener (Redshrike)" ,"OGA-BY 3.0,GPL 3.0,CC-BY-SA 3.0" ,"https://opengameart.org/content/liberated-pixel-cup-lpc-base-assets-sprites-map-tiles,https://opengameart.org/content/lpc-medieval-fantasy-character-sprites,https://opengameart.org/content/lpc-expanded-pants" 
"legs/skirts/plain/thin/spellcast.png","original by wulax, edited for female base by pvigier, edited for v3 base by bluecarrot16, idle & sit by Ahmad3366, color reduced & female sit/emote by JaidynReiman" ,"bluecarrot16,Pierre Vigier (pvigier),Johannes Sjölund (wulax),Ahmad3366,JaidynReiman" ,"OGA-BY 3.0,CC-BY-SA 3.0,GPL 3.0" ,"https://opengameart.org/content/lpc-medieval-fantasy-character-sprites" 
"legs/skirts/plain/thin/walk.png","original by wulax, edited for female base by pvigier, edited for v3 base by bluecarrot16, idle & sit by Ahmad3366, color reduced & female sit/emote by JaidynReiman" ,"bluecarrot16,Pierre Vigier (pvigier),Johannes Sjölund (wulax),Ahmad3366,JaidynReiman" ,"OGA-BY 3.0,CC-BY-SA 3.0,GPL 3.0" ,"https://opengameart.org/content/lpc-medieval-fantasy-character-sprites" 
"shield/round/walk.png","" ,"Johannes Sjölund (wulax),Michael Whitlock (bigbeargames),DarkwallLKE,Tuomo Untinen (reemax)" ,"OGA-BY 3.0,CC-BY-SA 3.0,GPL 3.0" ,"https://opengameart.org/content/lpc-medieval-fantasy-character-sprites,https://opengameart.org/content/lpc-shields-pack" 
"torso/clothes/longsleeve/longsleeve/female/spellcast.png","original by ElizaWy, edited to v3 bases by bluecarrot16; cleanup and climb/jump/run/sit/emote/revised combat adapted from LPC Revised by JaidynReiman" ,"bluecarrot16,ElizaWy,JaidynReiman,Stephen Challener (Redshrike)" ,"OGA-BY 3.0,CC-BY-SA 3.0,GPL 3.0" ,"https://opengameart.org/content/liberated-pixel-cup-lpc-base-assets-sprites-map-tiles,https://opengameart.org/content/lpc-7-womens-shirts,http://opengameart.org/content/lpc-clothing-updates,https://opengameart.org/content/lpc-revised-character-basics,https://github.com/ElizaWy/LPC/tree/main/Characters/Clothing,https://opengameart.org/content/lpc-expanded-sit-run-jump-more,https://opengameart.org/content/lpc-expanded-simple-shirts" 
"torso/clothes/longsleeve/longsleeve/female/walk.png","original by ElizaWy, edited to v3 bases by bluecarrot16; cleanup and climb/jump/run/sit/emote/revised combat adapted from LPC Revised by JaidynReiman" ,"bluecarrot16,ElizaWy,JaidynReiman,Stephen Challener (Redshrike)" ,"OGA-BY 3.0,CC-BY-SA 3.0,GPL 3.0" ,"https://opengameart.org/content/liberated-pixel-cup-lpc-base-assets-sprites-map-tiles,https://opengameart.org/content/lpc-7-womens-shirts,http://opengameart.org/content/lpc-clothing-updates,https://opengameart.org/content/lpc-revised-character-basics,https://github.com/ElizaWy/LPC/tree/main/Characters/Clothing,https://opengameart.org/content/lpc-expanded-sit-run-jump-more,https://opengameart.org/content/lpc-expanded-simple-shirts" 
"torso/clothes/longsleeve/longsleeve/male/thrust.png","original by wulax; tweaks and further recolors by bluecarrot16; cleanup and climb/jump/run/sit/emote/revised combat adapted from LPC Revised by JaidynReiman" ,"JaidynReiman,Johannes Sjölund (wulax)" ,"OGA-BY 3.0,CC-BY-SA 3.0,GPL 3.0" ,"https://opengameart.org/content/lpc-medieval-fantasy-character-sprites,http://opengameart.org/content/lpc-clothing-updates,https://opengameart.org/content/lpc-revised-character-basics,https://github.com/ElizaWy/LPC/tree/main/Characters/Clothing,https://opengameart.org/content/lpc-expanded-sit-run-jump-more,https://opengameart.org/content/lpc-expanded-simple-shirts" 
"torso/clothes/longsleeve/longsleeve/male/walk.png","original by wulax; tweaks and further recolors by bluecarrot16; cleanup and climb/jump/run/sit/emote/revised combat adapted from LPC Revised by JaidynReiman" ,"JaidynReiman,Johannes Sjölund (wulax)" ,"OGA-BY 3.0,CC-BY-SA 3.0,GPL 3.0" ,"https://opengameart.org/content/lpc-medieval-fantasy-character-sprites,http://opengameart.org/content/lpc-clothing-updates,https://opengameart.org/content/lpc-revised-character-basics,https://github.com/ElizaWy/LPC/tree/main/Characters/Clothing,https://opengameart.org/content/lpc-expanded-sit-run-jump-more,https://opengameart.org/content/lpc-expanded-simple-shirts" 
"torso/clothes/shortsleeve/shortsleeve/female/slash.png","original by ElizaWy walkcycle only; extended to all animations by adapting from longsleeve, edited to v3 bases by bluecarrot16; cleanup and climb/jump/run/sit/emote/revised combat adapted from LPC Revised by JaidynReiman" ,"bluecarrot16,ElizaWy,JaidynReiman,Stephen Challener (Redshrike)" ,"OGA-BY 3.0,CC-BY-SA 3.0,GPL 3.0" ,"https://opengameart.org/content/liberated-pixel-cup-lpc-base-assets-sprites-map-tiles,https://opengameart.org/content/lpc-7-womens-shirts,http://opengameart.org/content/lpc-revised-character-basics,http://opengameart.org/content/lpc-clothing-updates,https://github.com/ElizaWy/LPC/tree/main/Characters/Clothing,https://opengameart.org/content/lpc-expanded-sit-run-jump-more,https://opengameart.org/content/lpc-expanded-simple-shirts" 
"torso/clothes/shortsleeve/shortsleeve/female/walk.png","original by ElizaWy walkcycle only; extended to all animations by adapting from longsleeve, edited to v3 bases by bluecarrot16; cleanup and climb/jump/run/sit/emote/revised combat adapted from LPC Revised by JaidynReiman" ,"bluecarrot16,ElizaWy,JaidynReiman,Stephen Challener (Redshrike)" ,"OGA-BY 3.0,CC-BY-SA 3.0,GPL 3.0" ,"https://opengameart.org/content/liberated-pixel-cup-lpc-base-assets-sprites-map-tiles,https://opengameart.org/content/lpc-7-womens-shirts,http://opengameart.org/content/lpc-revised-character-basics,http://opengameart.org/content/lpc-clothing-updates,https://github.com/ElizaWy/LPC/tree/main/Characters/Clothing,https://opengameart.org/content/lpc-expanded-sit-run-jump-more,https://opengameart.org/content/lpc-expanded-simple-shirts" 
"torso/clothes/shortsleeve/shortsleeve/male/shoot.png","original by ElizaWy walkcycle only; extended to all animations by adapting from longsleeve, edited to v3 bases by bluecarrot16; cleanup and climb/jump/run/sit/emote/revised combat adapted from LPC Revised by JaidynReiman" ,"bluecarrot16,ElizaWy,JaidynReiman,Stephen Challener (Redshrike)" ,"OGA-BY 3.0,CC-BY-SA 3.0,GPL 3.0" ,"https://opengameart.org/content/liberated-pixel-cup-lpc-base-assets-sprites-map-tiles,http://opengameart.org/content/lpc-revised-character-basics,http://opengameart.org/content/lpc-clothing-updates,https://github.com/ElizaWy/LPC/tree/main/Characters/Clothing,https://opengameart.org/content/lpc-expanded-sit-run-jump-more,https://opengameart.org/content/lpc-expanded-simple-shirts" 
"torso/clothes/shortsleeve/shortsleeve/male/walk.png","original by ElizaWy walkcycle only; extended to all animations by adapting from longsleeve, edited to v3 bases by bluecarrot16; cleanup and climb/jump/run/sit/emote/revised combat adapted from LPC Revised by JaidynReiman" ,"bluecarrot16,ElizaWy,JaidynReiman,Stephen Challener (Redshrike)" ,"OGA-BY 3.0,CC-BY-SA 3.0,GPL 3.0" ,"https://opengameart.org/content/liberated-pixel-cup-lpc-base-assets-sprites-map-tiles,http://opengameart.org/content/lpc-revised-character-basics,http://opengameart.org/content/lpc-clothing-updates,https://github.com/ElizaWy/LPC/tree/main/Characters/Clothing,https://opengameart.org/content/lpc-expanded-sit-run-jump-more,https://opengameart.org/content/lpc-expanded-simple-shirts" 
"weapon/blunt/waraxe/attack_slash/behind/walk.png","" ,"Benjamin K. Smith (BenCreating),bluecarrot16,Sander Frenken (castelonia)" ,"CC-BY-SA 3.0,GPL 3.0" ,"https://opengameart.org/content/lpc-medieval-weapons" 
"weapon/blunt/waraxe/attack_slash/walk.png","" ,"Benjamin K. Smith (BenCreating),bluecarrot16,Sander Frenken (castelonia)" ,"CC-BY-SA 3.0,GPL 3.0" ,"https://opengameart.org/content/lpc-medieval-weapons" 
"weapon/blunt/waraxe/behind/walk.png","" ,"Benjamin K. Smith (BenCreating),bluecarrot16,Sander Frenken (castelonia)" ,"CC-BY-SA 3.0,GPL 3.0" ,"https://opengameart.org/content/lpc-medieval-weapons" 
"weapon/blunt/waraxe/walk.png","" ,"Benjamin K. Smith (BenCreating),bluecarrot16,Sander Frenken (castelonia)" ,"CC-BY-SA 3.0,GPL 3.0" ,"https://opengameart.org/content/lpc-medieval-weapons" 
"weapon/magic/simple/background/spellcast.png","original by DrJamgo, hands switched and split into to layers by bluecarrot16" ,"bluecarrot16,Dr. Jamgo" ,"CC0" ,"https://opengameart.org/content/lpc-simple-staff" 
"weapon/magic/simple/background/walk.png","original by DrJamgo, hands switched and split into to layers by bluecarrot16" ,"bluecarrot16,Dr. Jamgo" ,"CC0" ,"https://opengameart.org/content/lpc-simple-staff" 
"weapon/magic/simple/foreground/spellcast.png","original by DrJamgo, hands switched and split into to layers by bluecarrot16" ,"bluecarrot16,Dr. Jamgo" ,"CC0" ,"https://opengameart.org/content/lpc-simple-staff" 
"weapon/magic/simple/foreground/walk.png","original by DrJamgo, hands switched and split into to layers by bluecarrot16" ,"bluecarrot16,Dr. Jamgo" ,"CC0" ,"https://opengameart.org/content/lpc-simple-staff" 
"weapon/polearm/dragonspear/background/thrust/walk_128.png","original **dragon spear** by daneeklu and gr3yh47; adapted to opposite hand and split into layers by bluecarrot16" ,"Daniel Eddeland (daneeklu),gr3yh47,Johannes Sjölund (wulax)" ,"CC-BY-SA 3.0" ,"https://opengameart.org/content/lpc-weapons-two-bows-a-spear-and-a-trident,https://opengameart.org/content/lpc-extended-weapon-animations" 
"weapon/polearm/dragonspear/background/walk/walk_128.png","original **dragon spear** by daneeklu and gr3yh47; adapted to opposite hand and split into layers by bluecarrot16" ,"Daniel Eddeland (daneeklu),gr3yh47,Johannes Sjölund (wulax)" ,"CC-BY-SA 3.0" ,"https://opengameart.org/content/lpc-weapons-two-bows-a-spear-and-a-trident,https://opengameart.org/content/lpc-extended-weapon-animations" 
"weapon/polearm/dragonspear/foreground/thrust/walk_128.png","original **dragon spear** by daneeklu and gr3yh47; adapted to opposite hand and split into layers by bluecarrot16" ,"Daniel Eddeland (daneeklu),gr3yh47,Johannes Sjölund (wulax)" ,"CC-BY-SA 3.0" ,"https://opengameart.org/content/lpc-weapons-two-bows-a-spear-and-a-trident,https://opengameart.org/content/lpc-extended-weapon-animations" 
"weapon/polearm/dragonspear/foreground/walk/walk_128.png","original **dragon spear** by daneeklu and gr3yh47; adapted to opposite hand and split into layers by bluecarrot16" ,"Daniel Eddeland (daneeklu),gr3yh47,Johannes Sjölund (wulax)" ,"CC-BY-SA 3.0" ,"https://opengameart.org/content/lpc-weapons-two-bows-a-spear-and-a-trident,https://opengameart.org/content/lpc-extended-weapon-animations" 
"weapon/ranged/bow/arrow/shoot.png","" ,"Johannes Sjölund (wulax)" ,"OGA-BY 3.0,CC-BY-SA 3.0,GPL 3.0" ,"https://opengameart.org/content/lpc-medieval-fantasy-character-sprites" 
"weapon/ranged/bow/normal/universal/background/shoot.png","original by wulax, walk animations by pvigier, split into layers and tweaked for v3 character bases by bluecarrot16. pvigier has agreed to license this sheet as OGA-BY 3.0+." ,"Johannes Sjölund (wulax),Pierre Vigier (pvigier)" ,"OGA-BY 3.0+,GPL 3.0,CC-BY 4.0" ,"https://opengameart.org/content/lpc-medieval-fantasy-character-sprites,https://opengameart.org/content/lpc-walk-animations-for-bows" 
"weapon/ranged/bow/normal/universal/foreground/shoot.png","original by wulax, walk animations by pvigier, split into layers and tweaked for v3 character bases by bluecarrot16. pvigier has agreed to license this sheet as OGA-BY 3.0+." ,"Johannes Sjölund (wulax),Pierre Vigier (pvigier)" ,"OGA-BY 3.0+,GPL 3.0,CC-BY 4.0" ,"https://opengameart.org/content/lpc-medieval-fantasy-character-sprites,https://opengameart.org/content/lpc-walk-animations-for-bows" 
"weapon/ranged/bow/normal/walk/background/walk.png","original by wulax, walk animations by pvigier, split into layers and tweaked for v3 character bases by bluecarrot16. pvigier has agreed to license this sheet as OGA-BY 3.0+." ,"Johannes Sjölund (wulax),Pierre Vigier (pvigier)" ,"OGA-BY 3.0+,GPL 3.0,CC-BY 4.0" ,"https://opengameart.org/content/lpc-medieval-fantasy-character-sprites,https://opengameart.org/content/lpc-walk-animations-for-bows" 
"weapon/ranged/bow/normal/walk/foreground/walk.png","original by wulax, walk animations by pvigier, split into layers and tweaked for v3 character bases by bluecarrot16. pvigier has agreed to license this sheet as OGA-BY 3.0+." ,"Johannes Sjölund (wulax),Pierre Vigier (pvigier)" ,"OGA-BY 3.0+,GPL 3.0,CC-BY 4.0" ,"https://opengameart.org/content/lpc-medieval-fantasy-character-sprites,https://opengameart.org/content/lpc-walk-animations-for-bows" 
